{"data":{"currentPortfolioValue":4630.442925562378,"portfolioTimeline":[6201.353421747417,6146.709263889555,6069.132387240828,6100.018560891766,6106.196356815923,6100.655095645155,6005.460489122734,6122.066096290013,6136.653749036084,6094.620434644171,6152.712804799835,6095.612840222423,6030.211455513326,6131.980645398378,6056.324760848909,5888.837731265041,5970.224237555945,5961.668994938577,5891.677327582631,5864.06930711153,5828.104568983464,5825.9478581258645,5760.6358882765435,5545.011708854321,5610.173820459428,5596.054363074225,5629.100766528708,5539.744403071285,5402.431518548631,5198.280425182282,5244.928891375263,5102.7221212674,5069.509878230265,5236.471729838753,5197.680634542893,5149.9862850284735,4970.058794416916,4967.274626677204,5049.455058090246,5077.769070326915,5051.459368512074,5216.345095895823,5422.394784195652,5541.0154391737215,5388.9431355089,5450.6966919254755,5362.189788195479,5381.77764984324,5496.855054656669,5632.572710520395,5550.331239308525,5358.683940366154,5384.472265971716,5348.632896922699,5480.163492162854,5386.360211426815,5289.426067906199,5176.147798106976,4989.732973103841,5075.5512257821665,5189.608038803938,5252.728690225951,5134.853859176507,5245.58726691797,5162.837616213735,5047.333070692236,5056.933651458773,4784.014432763144,4665.463722272368,4883.652685716126,5021.105665750872,4980.355154678627,4772.591075938898,3871.377291372646,4594.403598180071,4623.6689506525445,4474.785884537781,4219.850827099062,4149.444892029424,4082.3217440544227,3993.103171287446,3804.1295462633298,3928.4108544244086,3964.9621382048435,4006.3402788334697,4218.21490116163,4069.858382986159,3910.611428689464,3744.3766609036825,3611.5071471818997,3446.953011902967,3458.896364422337,3720.773447000619,3641.8633646121666,3625.3469739323577,3794.4162849491067,3705.409335857604,3793.0904742162784,3679.8133018532903,3907.494797677546,3929.7814852134566,4090.1444205446032,3938.831578954766,3819.324422659027,3909.830058632324,3861.023511273071,3714.6401511438085,3710.895741517419,3877.4154421899407,3967.5917711967345,3967.9997028324597,4105.498724280307,4318.563853520938,4322.725243863859,4406.632729162298,4437.67346856824,4342.903279202347,4428.617156290336,4509.662001515361,4601.872946760366,4733.281125678324,4738.449829123169,4835.59500681589,4831.423838329471,4694.046305497308,4565.580021253815,4530.003787601519,4533.344153615025,4488.23455927999,4477.014951210693,4594.358283046348,4468.735841466865,4368.611952679059,4426.445428223724,4524.479561542327,4505.134702900088,4474.895441567869,4334.770599458858,4387.994984048914,4423.674924116645,4381.59748499839,4428.253394841309,4387.09624813899,4270.403282365176,4235.848831118818,4240.88600104079,4192.287692895906,4153.094636546621,4121.63047764143,4374.741170846775,4398.408092961012,4491.07467135784,4424.5051604439495,4472.679904794264,4580.166084593529,4640.676391098154,4656.407429986838,4584.998257948393,4555.179003303875,4481.987016451152,4480.431141043014,4494.697471889744,4619.90403254655,4593.02322790045,4566.634085508616,4521.745670784872,4560.040382063284,4594.455234445548],"profit":-17301.327875928568,"change":-0.7888705400273655,"invested":21931.770801490948},"success":true}